ISO3,DataId,Indicator,Value,Precision,DHS_CountryCode,CountryName,SurveyYear,SurveyId,IndicatorId,IndicatorOrder,IndicatorType,CharacteristicId,CharacteristicOrder,CharacteristicCategory,CharacteristicLabel,ByVariableId,ByVariableLabel,IsTotal,IsPreferred,SDRID,RegionId,SurveyYearLabel,SurveyType,DenominatorWeighted,DenominatorUnweighted,CILow,CIHigh,LevelRank
#country+code,#meta+id,#indicator+name,#indicator+value+num,#indicator+precision,,#country+name,#date+year,#survey+id,#indicator+code,,,,,,,#indicator+label+code,#indicator+label,,,,,,,,,,,
KEN,345498,Households using an improved water source,43.8,1,KE,Kenya,1993,KE1993DHS,WS_SRCE_H_IMP,250161010,I,1000,0,Total,Total,0,,1,1,WSSRCEHIMP,,1993,DHS,7950,7950,,,
KEN,345508,Households using water piped into dwelling,19.4,1,KE,Kenya,1993,KE1993DHS,WS_SRCE_H_PIP,250161020,I,1000,0,Total,Total,0,,1,1,WSSRCEHPIP,,1993,DHS,7950,7950,,,
KEN,345509,Households using a public tap/standpipe,13.2,1,KE,Kenya,1993,KE1993DHS,WS_SRCE_H_TAP,250161030,I,1000,0,Total,Total,0,,1,1,WSSRCEHTAP,,1993,DHS,7950,7950,,,
KEN,345510,Households using a tubewell/borehole,8.9,1,KE,Kenya,1993,KE1993DHS,WS_SRCE_H_TUB,250161040,I,1000,0,Total,Total,0,,1,1,WSSRCEHTUB,,1993,DHS,7950,7950,,,
KEN,345504,Households using rainwater,2.2,1,KE,Kenya,1993,KE1993DHS,WS_SRCE_H_RNW,250161070,I,1000,0,Total,Total,0,,1,1,WSSRCEHRNW,,1993,DHS,7950,7950,,,
KEN,345503,Households using an unimproved water source,55.6,1,KE,Kenya,1993,KE1993DHS,WS_SRCE_H_NIM,250161090,I,1000,0,Total,Total,0,,1,1,WSSRCEHNIM,,1993,DHS,7950,7950,,,
KEN,345499,Households using an unprotected well water,12.2,1,KE,Kenya,1993,KE1993DHS,WS_SRCE_H_UWL,250161100,I,1000,0,Total,Total,0,,1,1,WSSRCEHUWL,,1993,DHS,7950,7950,,,
KEN,345496,Households using surface water,40.7,1,KE,Kenya,1993,KE1993DHS,WS_SRCE_H_SRF,250161130,I,1000,0,Total,Total,0,,1,1,WSSRCEHSRF,,1993,DHS,7950,7950,,,
KEN,345497,Households using other water source,2.8,1,KE,Kenya,1993,KE1993DHS,WS_SRCE_H_OTH,250161140,I,1000,0,Total,Total,0,,1,1,WSSRCEHOTH,,1993,DHS,7950,7950,,,
KEN,345500,Households with don't know or missing information on water source,0.6,1,KE,Kenya,1993,KE1993DHS,WS_SRCE_H_DKM,250161150,S,1000,0,Total,Total,0,,1,1,WSSRCEHDKM,,1993,DHS,7950,7950,,,
KEN,345505,Households: Total,100,1,KE,Kenya,1993,KE1993DHS,WS_SRCE_H_TOT,250161160,T,1000,0,Total,Total,0,,1,1,WSSRCEHTOT,,1993,DHS,7950,7950,,,
KEN,346414,Population using an improved water source,38.6,1,KE,Kenya,1993,KE1993DHS,WS_SRCE_P_IMP,250162010,I,1000,0,Total,Total,0,,1,1,WSSRCEPIMP,,1993,DHS,38096,37934,,,
KEN,346421,Population using water piped into dwelling,16,1,KE,Kenya,1993,KE1993DHS,WS_SRCE_P_PIP,250162020,I,1000,0,Total,Total,0,,1,1,WSSRCEPPIP,,1993,DHS,38096,37934,,,
KEN,346415,Population using a public tap/standpipe,11.2,1,KE,Kenya,1993,KE1993DHS,WS_SRCE_P_TAP,250162030,I,1000,0,Total,Total,0,,1,1,WSSRCEPTAP,,1993,DHS,38096,37934,,,
KEN,346426,Population using a tubewell/borehole,9.3,1,KE,Kenya,1993,KE1993DHS,WS_SRCE_P_TUB,250162040,I,1000,0,Total,Total,0,,1,1,WSSRCEPTUB,,1993,DHS,38096,37934,,,
KEN,346427,Population using rainwater,2.2,1,KE,Kenya,1993,KE1993DHS,WS_SRCE_P_RNW,250162070,I,1000,0,Total,Total,0,,1,1,WSSRCEPRNW,,1993,DHS,38096,37934,,,
KEN,346422,Population using an unimproved water source,60.8,1,KE,Kenya,1993,KE1993DHS,WS_SRCE_P_NIM,250162090,I,1000,0,Total,Total,0,,1,1,WSSRCEPNIM,,1993,DHS,38096,37934,,,
KEN,346417,Population using an unprotected well water,13.5,1,KE,Kenya,1993,KE1993DHS,WS_SRCE_P_UWL,250162100,I,1000,0,Total,Total,0,,1,1,WSSRCEPUWL,,1993,DHS,38096,37934,,,
KEN,346430,Population using surface water,44.7,1,KE,Kenya,1993,KE1993DHS,WS_SRCE_P_SRF,250162130,I,1000,0,Total,Total,0,,1,1,WSSRCEPSRF,,1993,DHS,38096,37934,,,
KEN,346431,Population using other water source,2.6,1,KE,Kenya,1993,KE1993DHS,WS_SRCE_P_OTH,250162140,I,1000,0,Total,Total,0,,1,1,WSSRCEPOTH,,1993,DHS,38096,37934,,,
KEN,346432,Population with don't know or missing information on water source,0.6,1,KE,Kenya,1993,KE1993DHS,WS_SRCE_P_DKM,250162150,S,1000,0,Total,Total,0,,1,1,WSSRCEPDKM,,1993,DHS,38096,37934,,,
KEN,346423,Population: Total,100,1,KE,Kenya,1993,KE1993DHS,WS_SRCE_P_TOT,250162160,T,1000,0,Total,Total,0,,1,1,WSSRCEPTOT,,1993,DHS,38096,37934,,,
KEN,345501,Households with water on the premises,26.4,1,KE,Kenya,1993,KE1993DHS,WS_TIME_H_ONP,250201010,I,1000,0,Total,Total,0,,1,1,WSTIMEHONP,,1993,DHS,7950,7950,,,
KEN,345506,Households with water 30 minutes or less away round trip,56.4,1,KE,Kenya,1993,KE1993DHS,WS_TIME_H_L30,250201020,I,1000,0,Total,Total,0,,1,1,WSTIMEHL30,,1993,DHS,7950,7950,,,
KEN,345511,Households with water more than 30 minutes away round trip,16.4,1,KE,Kenya,1993,KE1993DHS,WS_TIME_H_M30,250201030,I,1000,0,Total,Total,0,,1,1,WSTIMEHM30,,1993,DHS,7950,7950,,,
KEN,345512,Household with unknown or missing information on round trip time to water,0.9,1,KE,Kenya,1993,KE1993DHS,WS_TIME_H_DKM,250201040,S,1000,0,Total,Total,0,,1,1,WSTIMEHDKM,,1993,DHS,7950,7950,,,
KEN,345513,Households: Total,100,1,KE,Kenya,1993,KE1993DHS,WS_TIME_H_TOT,250201050,T,1000,0,Total,Total,0,,1,1,WSTIMEHTOT,,1993,DHS,7950,7950,,,
KEN,346418,Population with water on the premises,22.4,1,KE,Kenya,1993,KE1993DHS,WS_TIME_P_ONP,250202010,I,1000,0,Total,Total,0,,1,1,WSTIMEPONP,,1993,DHS,38096,37934,,,
KEN,346424,Population with water 30 minutes or less away round trip,58.4,1,KE,Kenya,1993,KE1993DHS,WS_TIME_P_L30,250202020,I,1000,0,Total,Total,0,,1,1,WSTIMEPL30,,1993,DHS,38096,37934,,,
KEN,346419,Population with water more than 30 minutes away round trip,18.4,1,KE,Kenya,1993,KE1993DHS,WS_TIME_P_M30,250202030,I,1000,0,Total,Total,0,,1,1,WSTIMEPM30,,1993,DHS,38096,37934,,,
KEN,346428,Population with unknown or missing information on round trip time to water,0.8,1,KE,Kenya,1993,KE1993DHS,WS_TIME_P_DKM,250202040,S,1000,0,Total,Total,0,,1,1,WSTIMEPDKM,,1993,DHS,38096,37934,,,
KEN,346429,Population: Total,100,1,KE,Kenya,1993,KE1993DHS,WS_TIME_P_TOT,250202050,T,1000,0,Total,Total,0,,1,1,WSTIMEPTOT,,1993,DHS,38096,37934,,,
KEN,345585,Number of households,7950,0,KE,Kenya,1993,KE1993DHS,WS_WTRT_H_NUM,250231100,D,1000,0,Total,Total,0,,1,1,WSWTRTHNUM,,1993,DHS,,7950,,,
KEN,345891,Number of households (unweighted),7950,0,KE,Kenya,1993,KE1993DHS,WS_WTRT_H_UNW,250231110,U,1000,0,Total,Total,0,,1,1,WSWTRTHUNW,,1993,DHS,7950,,,,
KEN,346434,Number of persons,38096,0,KE,Kenya,1993,KE1993DHS,WS_WTRT_P_NUM,250232100,D,1000,0,Total,Total,0,,1,1,WSWTRTPNUM,,1993,DHS,,37934,,,
KEN,346435,Number of persons (unweighted),37934,0,KE,Kenya,1993,KE1993DHS,WS_WTRT_P_UNW,250232110,U,1000,0,Total,Total,0,,1,1,WSWTRTPUNW,,1993,DHS,38096,,,,
KEN,643973,Households using an improved water source,35.5,1,KE,Kenya,1998,KE1998DHS,WS_SRCE_H_IMP,250161010,I,1000,0,Total,Total,0,,1,1,WSSRCEHIMP,,1998,DHS,8380,8380,,,
KEN,643975,Households using water piped into dwelling,23.2,1,KE,Kenya,1998,KE1998DHS,WS_SRCE_H_PIP,250161020,I,1000,0,Total,Total,0,,1,1,WSSRCEHPIP,,1998,DHS,8380,8380,,,
KEN,643976,Households using a public tap/standpipe,11,1,KE,Kenya,1998,KE1998DHS,WS_SRCE_H_TAP,250161030,I,1000,0,Total,Total,0,,1,1,WSSRCEHTAP,,1998,DHS,8380,8380,,,
KEN,643972,Households using rainwater,1.3,1,KE,Kenya,1998,KE1998DHS,WS_SRCE_H_RNW,250161070,I,1000,0,Total,Total,0,,1,1,WSSRCEHRNW,,1998,DHS,8380,8380,,,
KEN,643971,Households using an unimproved water source,64.3,1,KE,Kenya,1998,KE1998DHS,WS_SRCE_H_NIM,250161090,I,1000,0,Total,Total,0,,1,1,WSSRCEHNIM,,1998,DHS,8380,8380,,,
KEN,643969,Households using surface water,42.7,1,KE,Kenya,1998,KE1998DHS,WS_SRCE_H_SRF,250161130,I,1000,0,Total,Total,0,,1,1,WSSRCEHSRF,,1998,DHS,8380,8380,,,
KEN,643970,Households using other water source,2.1,1,KE,Kenya,1998,KE1998DHS,WS_SRCE_H_OTH,250161140,I,1000,0,Total,Total,0,,1,1,WSSRCEHOTH,,1998,DHS,8380,8380,,,
KEN,643974,Households with don't know or missing information on water source,0.2,1,KE,Kenya,1998,KE1998DHS,WS_SRCE_H_DKM,250161150,S,1000,0,Total,Total,0,,1,1,WSSRCEHDKM,,1998,DHS,8380,8380,,,
KEN,643977,Households: Total,100,1,KE,Kenya,1998,KE1998DHS,WS_SRCE_H_TOT,250161160,T,1000,0,Total,Total,0,,1,1,WSSRCEHTOT,,1998,DHS,8380,8380,,,
KEN,231001,Population using an improved water source,30.2,1,KE,Kenya,1998,KE1998DHS,WS_SRCE_P_IMP,250162010,I,1000,0,Total,Total,0,,1,1,WSSRCEPIMP,,1998,DHS,35916,36861,,,
KEN,231006,Population using water piped into dwelling,19.5,1,KE,Kenya,1998,KE1998DHS,WS_SRCE_P_PIP,250162020,I,1000,0,Total,Total,0,,1,1,WSSRCEPPIP,,1998,DHS,35916,36861,,,
KEN,231002,Population using a public tap/standpipe,9.4,1,KE,Kenya,1998,KE1998DHS,WS_SRCE_P_TAP,250162030,I,1000,0,Total,Total,0,,1,1,WSSRCEPTAP,,1998,DHS,35916,36861,,,
KEN,230998,Population using rainwater,1.3,1,KE,Kenya,1998,KE1998DHS,WS_SRCE_P_RNW,250162070,I,1000,0,Total,Total,0,,1,1,WSSRCEPRNW,,1998,DHS,35916,36861,,,
KEN,231007,Population using an unimproved water source,69.6,1,KE,Kenya,1998,KE1998DHS,WS_SRCE_P_NIM,250162090,I,1000,0,Total,Total,0,,1,1,WSSRCEPNIM,,1998,DHS,35916,36861,,,
KEN,230994,Population using surface water,47,1,KE,Kenya,1998,KE1998DHS,WS_SRCE_P_SRF,250162130,I,1000,0,Total,Total,0,,1,1,WSSRCEPSRF,,1998,DHS,35916,36861,,,
KEN,230995,Population using other water source,1.8,1,KE,Kenya,1998,KE1998DHS,WS_SRCE_P_OTH,250162140,I,1000,0,Total,Total,0,,1,1,WSSRCEPOTH,,1998,DHS,35916,36861,,,
KEN,230996,Population with don't know or missing information on water source,0.2,1,KE,Kenya,1998,KE1998DHS,WS_SRCE_P_DKM,250162150,S,1000,0,Total,Total,0,,1,1,WSSRCEPDKM,,1998,DHS,35916,36861,,,
KEN,231008,Population: Total,100,1,KE,Kenya,1998,KE1998DHS,WS_SRCE_P_TOT,250162160,T,1000,0,Total,Total,0,,1,1,WSSRCEPTOT,,1998,DHS,35916,36861,,,
KEN,643986,Households with water on the premises,33.1,1,KE,Kenya,1998,KE1998DHS,WS_TIME_H_ONP,250201010,I,1000,0,Total,Total,0,,1,1,WSTIMEHONP,,1998,DHS,8380,8380,,,
KEN,643982,Households with water 30 minutes or less away round trip,50.8,1,KE,Kenya,1998,KE1998DHS,WS_TIME_H_L30,250201020,I,1000,0,Total,Total,0,,1,1,WSTIMEHL30,,1998,DHS,8380,8380,,,
KEN,643983,Households with water more than 30 minutes away round trip,15.8,1,KE,Kenya,1998,KE1998DHS,WS_TIME_H_M30,250201030,I,1000,0,Total,Total,0,,1,1,WSTIMEHM30,,1998,DHS,8380,8380,,,
KEN,643984,Household with unknown or missing information on round trip time to water,0.4,1,KE,Kenya,1998,KE1998DHS,WS_TIME_H_DKM,250201040,S,1000,0,Total,Total,0,,1,1,WSTIMEHDKM,,1998,DHS,8380,8380,,,
KEN,643985,Households: Total,100,1,KE,Kenya,1998,KE1998DHS,WS_TIME_H_TOT,250201050,T,1000,0,Total,Total,0,,1,1,WSTIMEHTOT,,1998,DHS,8380,8380,,,
KEN,231003,Population with water on the premises,29.8,1,KE,Kenya,1998,KE1998DHS,WS_TIME_P_ONP,250202010,I,1000,0,Total,Total,0,,1,1,WSTIMEPONP,,1998,DHS,35916,36861,,,
KEN,231009,Population with water 30 minutes or less away round trip,52.3,1,KE,Kenya,1998,KE1998DHS,WS_TIME_P_L30,250202020,I,1000,0,Total,Total,0,,1,1,WSTIMEPL30,,1998,DHS,35916,36861,,,
KEN,231004,Population with water more than 30 minutes away round trip,17.5,1,KE,Kenya,1998,KE1998DHS,WS_TIME_P_M30,250202030,I,1000,0,Total,Total,0,,1,1,WSTIMEPM30,,1998,DHS,35916,36861,,,
KEN,230999,Population with unknown or missing information on round trip time to water,0.4,1,KE,Kenya,1998,KE1998DHS,WS_TIME_P_DKM,250202040,S,1000,0,Total,Total,0,,1,1,WSTIMEPDKM,,1998,DHS,35916,36861,,,
KEN,231000,Population: Total,100,1,KE,Kenya,1998,KE1998DHS,WS_TIME_P_TOT,250202050,T,1000,0,Total,Total,0,,1,1,WSTIMEPTOT,,1998,DHS,35916,36861,,,
KEN,413426,Number of households,8380,0,KE,Kenya,1998,KE1998DHS,WS_WTRT_H_NUM,250231100,D,1000,0,Total,Total,0,,1,1,WSWTRTHNUM,,1998,DHS,,8380,,,
KEN,643989,Number of households (unweighted),8380,0,KE,Kenya,1998,KE1998DHS,WS_WTRT_H_UNW,250231110,U,1000,0,Total,Total,0,,1,1,WSWTRTHUNW,,1998,DHS,8380,,,,
KEN,231012,Number of persons,35916,0,KE,Kenya,1998,KE1998DHS,WS_WTRT_P_NUM,250232100,D,1000,0,Total,Total,0,,1,1,WSWTRTPNUM,,1998,DHS,,36861,,,
KEN,413438,Number of persons (unweighted),36861,0,KE,Kenya,1998,KE1998DHS,WS_WTRT_P_UNW,250232110,U,1000,0,Total,Total,0,,1,1,WSWTRTPUNW,,1998,DHS,35916,,,,
KEN,175462,Households using an improved water source,45.4,1,KE,Kenya,2003,KE2003DHS,WS_SRCE_H_IMP,250161010,I,1000,0,Total,Total,0,,1,1,WSSRCEHIMP,,2003,DHS,8561,8561,,,
KEN,175454,Households using water piped into dwelling,7.6,1,KE,Kenya,2003,KE2003DHS,WS_SRCE_H_PIP,250161020,I,1000,0,Total,Total,0,,1,1,WSSRCEHPIP,,2003,DHS,8561,8561,,,
KEN,175456,Households using a public tap/standpipe,10.6,1,KE,Kenya,2003,KE2003DHS,WS_SRCE_H_TAP,250161030,I,1000,0,Total,Total,0,,1,1,WSSRCEHTAP,,2003,DHS,8561,8561,,,
KEN,175457,Households using a protected well,11.6,1,KE,Kenya,2003,KE2003DHS,WS_SRCE_H_PWL,250161050,I,1000,0,Total,Total,0,,1,1,WSSRCEHPWL,,2003,DHS,8561,8561,,,
KEN,175450,Households using rainwater,2.1,1,KE,Kenya,2003,KE2003DHS,WS_SRCE_H_RNW,250161070,I,1000,0,Total,Total,0,,1,1,WSSRCEHRNW,,2003,DHS,8561,8561,,,
KEN,175465,Households using bottled water,0.2,1,KE,Kenya,2003,KE2003DHS,WS_SRCE_H_BOT,250161080,I,1000,0,Total,Total,0,,1,1,WSSRCEHBOT,,2003,DHS,8561,8561,,,
KEN,175449,Households using an unimproved water source,54.5,1,KE,Kenya,2003,KE2003DHS,WS_SRCE_H_NIM,250161090,I,1000,0,Total,Total,0,,1,1,WSSRCEHNIM,,2003,DHS,8561,8561,,,
KEN,175463,Households using an unprotected well water,7.3,1,KE,Kenya,2003,KE2003DHS,WS_SRCE_H_UWL,250161100,I,1000,0,Total,Total,0,,1,1,WSSRCEHUWL,,2003,DHS,8561,8561,,,
KEN,175447,Households using surface water,28.9,1,KE,Kenya,2003,KE2003DHS,WS_SRCE_H_SRF,250161130,I,1000,0,Total,Total,0,,1,1,WSSRCEHSRF,,2003,DHS,8561,8561,,,
KEN,175448,Households using other water source,5.3,1,KE,Kenya,2003,KE2003DHS,WS_SRCE_H_OTH,250161140,I,1000,0,Total,Total,0,,1,1,WSSRCEHOTH,,2003,DHS,8561,8561,,,
KEN,175466,Households with don't know or missing information on water source,0.1,1,KE,Kenya,2003,KE2003DHS,WS_SRCE_H_DKM,250161150,S,1000,0,Total,Total,0,,1,1,WSSRCEHDKM,,2003,DHS,8561,8561,,,
KEN,175451,Households: Total,100,1,KE,Kenya,2003,KE2003DHS,WS_SRCE_H_TOT,250161160,T,1000,0,Total,Total,0,,1,1,WSSRCEHTOT,,2003,DHS,8561,8561,,,
KEN,38129,Population using an improved water source,41.4,1,KE,Kenya,2003,KE2003DHS,WS_SRCE_P_IMP,250162010,I,1000,0,Total,Total,0,,1,1,WSSRCEPIMP,,2003,DHS,37238,36687,,,
KEN,38121,Population using water piped into dwelling,7.3,1,KE,Kenya,2003,KE2003DHS,WS_SRCE_P_PIP,250162020,I,1000,0,Total,Total,0,,1,1,WSSRCEPPIP,,2003,DHS,37238,36687,,,
KEN,38130,Population using a public tap/standpipe,9.4,1,KE,Kenya,2003,KE2003DHS,WS_SRCE_P_TAP,250162030,I,1000,0,Total,Total,0,,1,1,WSSRCEPTAP,,2003,DHS,37238,36687,,,
KEN,38124,Population using a protected well,12,1,KE,Kenya,2003,KE2003DHS,WS_SRCE_P_PWL,250162050,I,1000,0,Total,Total,0,,1,1,WSSRCEPPWL,,2003,DHS,37238,36687,,,
KEN,38126,Population using rainwater,1.9,1,KE,Kenya,2003,KE2003DHS,WS_SRCE_P_RNW,250162070,I,1000,0,Total,Total,0,,1,1,WSSRCEPRNW,,2003,DHS,37238,36687,,,
KEN,38132,Population using bottled water/demi john,0.1,1,KE,Kenya,2003,KE2003DHS,WS_SRCE_P_BOT,250162080,I,1000,0,Total,Total,0,,1,1,WSSRCEPBOT,,2003,DHS,37238,36687,,,
KEN,38122,Population using an unimproved water source,58.6,1,KE,Kenya,2003,KE2003DHS,WS_SRCE_P_NIM,250162090,I,1000,0,Total,Total,0,,1,1,WSSRCEPNIM,,2003,DHS,37238,36687,,,
KEN,38131,Population using an unprotected well water,7.8,1,KE,Kenya,2003,KE2003DHS,WS_SRCE_P_UWL,250162100,I,1000,0,Total,Total,0,,1,1,WSSRCEPUWL,,2003,DHS,37238,36687,,,
KEN,38117,Population using surface water,31.8,1,KE,Kenya,2003,KE2003DHS,WS_SRCE_P_SRF,250162130,I,1000,0,Total,Total,0,,1,1,WSSRCEPSRF,,2003,DHS,37238,36687,,,
KEN,38118,Population using other water source,4.4,1,KE,Kenya,2003,KE2003DHS,WS_SRCE_P_OTH,250162140,I,1000,0,Total,Total,0,,1,1,WSSRCEPOTH,,2003,DHS,37238,36687,,,
KEN,38119,Population with don't know or missing information on water source,0.1,1,KE,Kenya,2003,KE2003DHS,WS_SRCE_P_DKM,250162150,S,1000,0,Total,Total,0,,1,1,WSSRCEPDKM,,2003,DHS,37238,36687,,,
KEN,38136,Population: Total,100,1,KE,Kenya,2003,KE2003DHS,WS_SRCE_P_TOT,250162160,T,1000,0,Total,Total,0,,1,1,WSSRCEPTOT,,2003,DHS,37238,36687,,,
KEN,175467,Households with water on the premises,31.1,1,KE,Kenya,2003,KE2003DHS,WS_TIME_H_ONP,250201010,I,1000,0,Total,Total,0,,1,1,WSTIMEHONP,,2003,DHS,8561,8561,,,
KEN,175452,Households with water 30 minutes or less away round trip,52,1,KE,Kenya,2003,KE2003DHS,WS_TIME_H_L30,250201020,I,1000,0,Total,Total,0,,1,1,WSTIMEHL30,,2003,DHS,8561,8561,,,
KEN,175458,Households with water more than 30 minutes away round trip,16.5,1,KE,Kenya,2003,KE2003DHS,WS_TIME_H_M30,250201030,I,1000,0,Total,Total,0,,1,1,WSTIMEHM30,,2003,DHS,8561,8561,,,
KEN,175459,Household with unknown or missing information on round trip time to water,0.3,1,KE,Kenya,2003,KE2003DHS,WS_TIME_H_DKM,250201040,S,1000,0,Total,Total,0,,1,1,WSTIMEHDKM,,2003,DHS,8561,8561,,,
KEN,175460,Households: Total,100,1,KE,Kenya,2003,KE2003DHS,WS_TIME_H_TOT,250201050,T,1000,0,Total,Total,0,,1,1,WSTIMEHTOT,,2003,DHS,8561,8561,,,
KEN,38133,Population with water on the premises,27.8,1,KE,Kenya,2003,KE2003DHS,WS_TIME_P_ONP,250202010,I,1000,0,Total,Total,0,,1,1,WSTIMEPONP,,2003,DHS,37238,36687,,,
KEN,38137,Population with water 30 minutes or less away round trip,53.1,1,KE,Kenya,2003,KE2003DHS,WS_TIME_P_L30,250202020,I,1000,0,Total,Total,0,,1,1,WSTIMEPL30,,2003,DHS,37238,36687,,,
KEN,38134,Population with water more than 30 minutes away round trip,19,1,KE,Kenya,2003,KE2003DHS,WS_TIME_P_M30,250202030,I,1000,0,Total,Total,0,,1,1,WSTIMEPM30,,2003,DHS,37238,36687,,,
KEN,38127,Population with unknown or missing information on round trip time to water,0.2,1,KE,Kenya,2003,KE2003DHS,WS_TIME_P_DKM,250202040,S,1000,0,Total,Total,0,,1,1,WSTIMEPDKM,,2003,DHS,37238,36687,,,
KEN,38128,Population: Total,100,1,KE,Kenya,2003,KE2003DHS,WS_TIME_P_TOT,250202050,T,1000,0,Total,Total,0,,1,1,WSTIMEPTOT,,2003,DHS,37238,36687,,,
KEN,186499,Number of households,8561,0,KE,Kenya,2003,KE2003DHS,WS_WTRT_H_NUM,250231100,D,1000,0,Total,Total,0,,1,1,WSWTRTHNUM,,2003,DHS,,8561,,,
KEN,604005,Number of households (unweighted),8561,0,KE,Kenya,2003,KE2003DHS,WS_WTRT_H_UNW,250231110,U,1000,0,Total,Total,0,,1,1,WSWTRTHUNW,,2003,DHS,8561,,,,
KEN,51477,Number of persons,37238,0,KE,Kenya,2003,KE2003DHS,WS_WTRT_P_NUM,250232100,D,1000,0,Total,Total,0,,1,1,WSWTRTPNUM,,2003,DHS,,36687,,,
KEN,690755,Number of persons (unweighted),36687,0,KE,Kenya,2003,KE2003DHS,WS_WTRT_P_UNW,250232110,U,1000,0,Total,Total,0,,1,1,WSWTRTPUNW,,2003,DHS,37238,,,,
KEN,413698,Households using an improved water source,64.8,1,KE,Kenya,2008,KE2008DHS,WS_SRCE_H_IMP,250161010,I,1000,0,Total,Total,0,,1,1,WSSRCEHIMP,,2008-09,DHS,9057,9057,,,
KEN,413692,Households using water piped into dwelling,9.4,1,KE,Kenya,2008,KE2008DHS,WS_SRCE_H_PIP,250161020,I,1000,0,Total,Total,0,,1,1,WSSRCEHPIP,,2008-09,DHS,9057,9057,,,
KEN,413694,Households using a public tap/standpipe,9.7,1,KE,Kenya,2008,KE2008DHS,WS_SRCE_H_TAP,250161030,I,1000,0,Total,Total,0,,1,1,WSSRCEHTAP,,2008-09,DHS,9057,9057,,,
KEN,413695,Households using a tubewell/borehole,8.8,1,KE,Kenya,2008,KE2008DHS,WS_SRCE_H_TUB,250161040,I,1000,0,Total,Total,0,,1,1,WSSRCEHTUB,,2008-09,DHS,9057,9057,,,
KEN,413697,Households using a protected well,9.8,1,KE,Kenya,2008,KE2008DHS,WS_SRCE_H_PWL,250161050,I,1000,0,Total,Total,0,,1,1,WSSRCEHPWL,,2008-09,DHS,9057,9057,,,
KEN,413700,Households using a protected spring,8,1,KE,Kenya,2008,KE2008DHS,WS_SRCE_H_PSG,250161060,I,1000,0,Total,Total,0,,1,1,WSSRCEHPSG,,2008-09,DHS,9057,9057,,,
KEN,413688,Households using rainwater,2.2,1,KE,Kenya,2008,KE2008DHS,WS_SRCE_H_RNW,250161070,I,1000,0,Total,Total,0,,1,1,WSSRCEHRNW,,2008-09,DHS,9057,9057,,,
KEN,413703,Households using tanker truck,0.2,1,KE,Kenya,2008,KE2008DHS,WS_SRCE_H_TNK,250161074,I,1000,0,Total,Total,0,,1,1,WSSRCEHTNK,,2008-09,DHS,9057,9057,,,
KEN,413701,Households using bottled water,0.4,1,KE,Kenya,2008,KE2008DHS,WS_SRCE_H_BOT,250161080,I,1000,0,Total,Total,0,,1,1,WSSRCEHBOT,,2008-09,DHS,9057,9057,,,
KEN,413687,Households using an unimproved water source,35.2,1,KE,Kenya,2008,KE2008DHS,WS_SRCE_H_NIM,250161090,I,1000,0,Total,Total,0,,1,1,WSSRCEHNIM,,2008-09,DHS,9057,9057,,,
KEN,413699,Households using an unprotected well water,4.9,1,KE,Kenya,2008,KE2008DHS,WS_SRCE_H_UWL,250161100,I,1000,0,Total,Total,0,,1,1,WSSRCEHUWL,,2008-09,DHS,9057,9057,,,
KEN,413690,Households using an unprotected spring,5.6,1,KE,Kenya,2008,KE2008DHS,WS_SRCE_H_USG,250161110,I,1000,0,Total,Total,0,,1,1,WSSRCEHUSG,,2008-09,DHS,9057,9057,,,
KEN,413691,Households using surface water,23.7,1,KE,Kenya,2008,KE2008DHS,WS_SRCE_H_SRF,250161130,I,1000,0,Total,Total,0,,1,1,WSSRCEHSRF,,2008-09,DHS,9057,9057,,,
KEN,413710,Households using other water source,1,1,KE,Kenya,2008,KE2008DHS,WS_SRCE_H_OTH,250161140,I,1000,0,Total,Total,0,,1,1,WSSRCEHOTH,,2008-09,DHS,9057,9057,,,
KEN,413689,Households: Total,100,1,KE,Kenya,2008,KE2008DHS,WS_SRCE_H_TOT,250161160,T,1000,0,Total,Total,0,,1,1,WSSRCEHTOT,,2008-09,DHS,9057,9057,,,
KEN,6729,Population using an improved water source,61.7,1,KE,Kenya,2008,KE2008DHS,WS_SRCE_P_IMP,250162010,I,1000,0,Total,Total,0,,1,1,WSSRCEPIMP,,2008-09,DHS,38069,37870,,,
KEN,6719,Population using water piped into dwelling,7.5,1,KE,Kenya,2008,KE2008DHS,WS_SRCE_P_PIP,250162020,I,1000,0,Total,Total,0,,1,1,WSSRCEPPIP,,2008-09,DHS,38069,37870,,,
KEN,6730,Population using a public tap/standpipe,9.1,1,KE,Kenya,2008,KE2008DHS,WS_SRCE_P_TAP,250162030,I,1000,0,Total,Total,0,,1,1,WSSRCEPTAP,,2008-09,DHS,38069,37870,,,
KEN,6733,Population using a tubewell/borehole,8.9,1,KE,Kenya,2008,KE2008DHS,WS_SRCE_P_TUB,250162040,I,1000,0,Total,Total,0,,1,1,WSSRCEPTUB,,2008-09,DHS,38069,37870,,,
KEN,6734,Population using a protected well,11.4,1,KE,Kenya,2008,KE2008DHS,WS_SRCE_P_PWL,250162050,I,1000,0,Total,Total,0,,1,1,WSSRCEPPWL,,2008-09,DHS,38069,37870,,,
KEN,6735,Population using a protected spring,9.2,1,KE,Kenya,2008,KE2008DHS,WS_SRCE_P_PSG,250162060,I,1000,0,Total,Total,0,,1,1,WSSRCEPPSG,,2008-09,DHS,38069,37870,,,
KEN,6736,Population using rainwater,2.1,1,KE,Kenya,2008,KE2008DHS,WS_SRCE_P_RNW,250162070,I,1000,0,Total,Total,0,,1,1,WSSRCEPRNW,,2008-09,DHS,38069,37870,,,
KEN,6743,Population using tanker truck,0.2,1,KE,Kenya,2008,KE2008DHS,WS_SRCE_P_TNK,250162074,I,1000,0,Total,Total,0,,1,1,WSSRCEPTNK,,2008-09,DHS,38069,37870,,,
KEN,6732,Population using bottled water/demi john,0.3,1,KE,Kenya,2008,KE2008DHS,WS_SRCE_P_BOT,250162080,I,1000,0,Total,Total,0,,1,1,WSSRCEPBOT,,2008-09,DHS,38069,37870,,,
KEN,6721,Population using an unimproved water source,38.3,1,KE,Kenya,2008,KE2008DHS,WS_SRCE_P_NIM,250162090,I,1000,0,Total,Total,0,,1,1,WSSRCEPNIM,,2008-09,DHS,38069,37870,,,
KEN,6731,Population using an unprotected well water,5.5,1,KE,Kenya,2008,KE2008DHS,WS_SRCE_P_UWL,250162100,I,1000,0,Total,Total,0,,1,1,WSSRCEPUWL,,2008-09,DHS,38069,37870,,,
KEN,6720,Population using an unprotected spring,6.4,1,KE,Kenya,2008,KE2008DHS,WS_SRCE_P_USG,250162110,I,1000,0,Total,Total,0,,1,1,WSSRCEPUSG,,2008-09,DHS,38069,37870,,,
KEN,6742,Population using surface water,25.6,1,KE,Kenya,2008,KE2008DHS,WS_SRCE_P_SRF,250162130,I,1000,0,Total,Total,0,,1,1,WSSRCEPSRF,,2008-09,DHS,38069,37870,,,
KEN,6744,Population using other water source,0.8,1,KE,Kenya,2008,KE2008DHS,WS_SRCE_P_OTH,250162140,I,1000,0,Total,Total,0,,1,1,WSSRCEPOTH,,2008-09,DHS,38069,37870,,,
KEN,6722,Population: Total,100,1,KE,Kenya,2008,KE2008DHS,WS_SRCE_P_TOT,250162160,T,1000,0,Total,Total,0,,1,1,WSSRCEPTOT,,2008-09,DHS,38069,37870,,,
KEN,413702,Households with water on the premises,36.2,1,KE,Kenya,2008,KE2008DHS,WS_TIME_H_ONP,250201010,I,1000,0,Total,Total,0,,1,1,WSTIMEHONP,,2008-09,DHS,9057,9057,,,
KEN,413696,Households with water 30 minutes or less away round trip,46.5,1,KE,Kenya,2008,KE2008DHS,WS_TIME_H_L30,250201020,I,1000,0,Total,Total,0,,1,1,WSTIMEHL30,,2008-09,DHS,9057,9057,,,
KEN,413715,Households with water more than 30 minutes away round trip,16.4,1,KE,Kenya,2008,KE2008DHS,WS_TIME_H_M30,250201030,I,1000,0,Total,Total,0,,1,1,WSTIMEHM30,,2008-09,DHS,9057,9057,,,
KEN,413716,Household with unknown or missing information on round trip time to water,1,1,KE,Kenya,2008,KE2008DHS,WS_TIME_H_DKM,250201040,S,1000,0,Total,Total,0,,1,1,WSTIMEHDKM,,2008-09,DHS,9057,9057,,,
KEN,413717,Households: Total,100,1,KE,Kenya,2008,KE2008DHS,WS_TIME_H_TOT,250201050,T,1000,0,Total,Total,0,,1,1,WSTIMEHTOT,,2008-09,DHS,9057,9057,,,
KEN,6760,Population with water on the premises,31.2,1,KE,Kenya,2008,KE2008DHS,WS_TIME_P_ONP,250202010,I,1000,0,Total,Total,0,,1,1,WSTIMEPONP,,2008-09,DHS,38069,37870,,,
KEN,6723,Population with water 30 minutes or less away round trip,49,1,KE,Kenya,2008,KE2008DHS,WS_TIME_P_L30,250202020,I,1000,0,Total,Total,0,,1,1,WSTIMEPL30,,2008-09,DHS,38069,37870,,,
KEN,6764,Population with water more than 30 minutes away round trip,19,1,KE,Kenya,2008,KE2008DHS,WS_TIME_P_M30,250202030,I,1000,0,Total,Total,0,,1,1,WSTIMEPM30,,2008-09,DHS,38069,37870,,,
KEN,6738,Population with unknown or missing information on round trip time to water,0.7,1,KE,Kenya,2008,KE2008DHS,WS_TIME_P_DKM,250202040,S,1000,0,Total,Total,0,,1,1,WSTIMEPDKM,,2008-09,DHS,38069,37870,,,
KEN,6739,Population: Total,100,1,KE,Kenya,2008,KE2008DHS,WS_TIME_P_TOT,250202050,T,1000,0,Total,Total,0,,1,1,WSTIMEPTOT,,2008-09,DHS,38069,37870,,,
KEN,413719,Households treating water by boiling,28.6,1,KE,Kenya,2008,KE2008DHS,WS_WTRT_H_BOL,250231010,I,1000,0,Total,Total,0,,1,1,WSWTRTHBOL,,2008-09,DHS,9057,9057,,,
KEN,413712,Households treating water by adding bleach/chlorine,17.6,1,KE,Kenya,2008,KE2008DHS,WS_WTRT_H_BLC,250231020,I,1000,0,Total,Total,0,,1,1,WSWTRTHBLC,,2008-09,DHS,9057,9057,,,
KEN,413720,Households treating water by straining through a cloth,1.2,1,KE,Kenya,2008,KE2008DHS,WS_WTRT_H_STN,250231030,I,1000,0,Total,Total,0,,1,1,WSWTRTHSTN,,2008-09,DHS,9057,9057,,,
KEN,413713,"Households treating water using a ceramic, sand or other filter",0.8,1,KE,Kenya,2008,KE2008DHS,WS_WTRT_H_CER,250231040,I,1000,0,Total,Total,0,,1,1,WSWTRTHCER,,2008-09,DHS,9057,9057,,,
KEN,413721,Households treating water using solar disinfection,0.1,1,KE,Kenya,2008,KE2008DHS,WS_WTRT_H_SOL,250231050,I,1000,0,Total,Total,0,,1,1,WSWTRTHSOL,,2008-09,DHS,9057,9057,,,
KEN,413727,Households treating water using other methods,0.5,1,KE,Kenya,2008,KE2008DHS,WS_WTRT_H_OTH,250231060,I,1000,0,Total,Total,0,,1,1,WSWTRTHOTH,,2008-09,DHS,9057,9057,,,
KEN,413728,Households not treating water,54.8,1,KE,Kenya,2008,KE2008DHS,WS_WTRT_H_NTR,250231070,I,1000,0,Total,Total,0,,1,1,WSWTRTHNTR,,2008-09,DHS,9057,9057,,,
KEN,413729,Households with missing information on treatment of water,0.1,1,KE,Kenya,2008,KE2008DHS,WS_WTRT_H_DKM,250231080,S,1000,0,Total,Total,0,,1,1,WSWTRTHDKM,,2008-09,DHS,9057,9057,,,
KEN,413732,Households using an appropriate treatment method,43.9,1,KE,Kenya,2008,KE2008DHS,WS_WTRT_H_APP,250231090,I,1000,0,Total,Total,0,,1,1,WSWTRTHAPP,,2008-09,DHS,9057,9057,,,
KEN,413731,Number of households,9057,0,KE,Kenya,2008,KE2008DHS,WS_WTRT_H_NUM,250231100,D,1000,0,Total,Total,0,,1,1,WSWTRTHNUM,,2008-09,DHS,,9057,,,
KEN,413726,Number of households (unweighted),9057,0,KE,Kenya,2008,KE2008DHS,WS_WTRT_H_UNW,250231110,U,1000,0,Total,Total,0,,1,1,WSWTRTHUNW,,2008-09,DHS,9057,,,,
KEN,6740,Population treating water by boiling,26.6,1,KE,Kenya,2008,KE2008DHS,WS_WTRT_P_BOL,250232010,I,1000,0,Total,Total,0,,1,1,WSWTRTPBOL,,2008-09,DHS,38069,37870,,,
KEN,6741,Population treating water by adding bleach/chlorine,18.2,1,KE,Kenya,2008,KE2008DHS,WS_WTRT_P_BLC,250232020,I,1000,0,Total,Total,0,,1,1,WSWTRTPBLC,,2008-09,DHS,38069,37870,,,
KEN,6766,Population treating water by straining through a cloth,1.4,1,KE,Kenya,2008,KE2008DHS,WS_WTRT_P_STN,250232030,I,1000,0,Total,Total,0,,1,1,WSWTRTPSTN,,2008-09,DHS,38069,37870,,,
KEN,6725,"Population treating water using a ceramic, sand or other filter",0.8,1,KE,Kenya,2008,KE2008DHS,WS_WTRT_P_CER,250232040,I,1000,0,Total,Total,0,,1,1,WSWTRTPCER,,2008-09,DHS,38069,37870,,,
KEN,6767,Population treating water using solar disinfection,0.1,1,KE,Kenya,2008,KE2008DHS,WS_WTRT_P_SOL,250232050,I,1000,0,Total,Total,0,,1,1,WSWTRTPSOL,,2008-09,DHS,38069,37870,,,
KEN,6726,Population treating water using other methods,0.5,1,KE,Kenya,2008,KE2008DHS,WS_WTRT_P_OTH,250232060,I,1000,0,Total,Total,0,,1,1,WSWTRTPOTH,,2008-09,DHS,38069,37870,,,
KEN,6768,Population not treating water,56.3,1,KE,Kenya,2008,KE2008DHS,WS_WTRT_P_NTR,250232070,I,1000,0,Total,Total,0,,1,1,WSWTRTPNTR,,2008-09,DHS,38069,37870,,,
KEN,6746,Population with missing information on treatment of water,0.1,1,KE,Kenya,2008,KE2008DHS,WS_WTRT_P_DKM,250232080,S,1000,0,Total,Total,0,,1,1,WSWTRTPDKM,,2008-09,DHS,38069,37870,,,
KEN,6759,Population using an appropriate treatment method,42.4,1,KE,Kenya,2008,KE2008DHS,WS_WTRT_P_APP,250232090,I,1000,0,Total,Total,0,,1,1,WSWTRTPAPP,,2008-09,DHS,38069,37870,,,
KEN,11499,Number of persons,38069,0,KE,Kenya,2008,KE2008DHS,WS_WTRT_P_NUM,250232100,D,1000,0,Total,Total,0,,1,1,WSWTRTPNUM,,2008-09,DHS,,37870,,,
KEN,553185,Number of persons (unweighted),37870,0,KE,Kenya,2008,KE2008DHS,WS_WTRT_P_UNW,250232110,U,1000,0,Total,Total,0,,1,1,WSWTRTPUNW,,2008-09,DHS,38069,,,,
KEN,634918,Households using an improved water source,73.1,1,KE,Kenya,2014,KE2014DHS,WS_SRCE_H_IMP,250161010,I,1000,0,Total,Total,0,,1,1,WSSRCEHIMP,,2014,DHS,36430,36430,,,
KEN,634908,Households using water piped into dwelling,7.4,1,KE,Kenya,2014,KE2014DHS,WS_SRCE_H_PIP,250161020,I,1000,0,Total,Total,0,,1,1,WSSRCEHPIP,,2014,DHS,36430,36430,,,
KEN,634910,Households using a public tap/standpipe,15.8,1,KE,Kenya,2014,KE2014DHS,WS_SRCE_H_TAP,250161030,I,1000,0,Total,Total,0,,1,1,WSSRCEHTAP,,2014,DHS,36430,36430,,,
KEN,634911,Households using a tubewell/borehole,6.3,1,KE,Kenya,2014,KE2014DHS,WS_SRCE_H_TUB,250161040,I,1000,0,Total,Total,0,,1,1,WSSRCEHTUB,,2014,DHS,36430,36430,,,
KEN,634912,Households using a protected well,7.6,1,KE,Kenya,2014,KE2014DHS,WS_SRCE_H_PWL,250161050,I,1000,0,Total,Total,0,,1,1,WSSRCEHPWL,,2014,DHS,36430,36430,,,
KEN,634920,Households using a protected spring,8.2,1,KE,Kenya,2014,KE2014DHS,WS_SRCE_H_PSG,250161060,I,1000,0,Total,Total,0,,1,1,WSSRCEHPSG,,2014,DHS,36430,36430,,,
KEN,634902,Households using rainwater,3.7,1,KE,Kenya,2014,KE2014DHS,WS_SRCE_H_RNW,250161070,I,1000,0,Total,Total,0,,1,1,WSSRCEHRNW,,2014,DHS,36430,36430,,,
KEN,634898,Households using tanker truck,0.5,1,KE,Kenya,2014,KE2014DHS,WS_SRCE_H_TNK,250161074,I,1000,0,Total,Total,0,,1,1,WSSRCEHTNK,,2014,DHS,36430,36430,,,
KEN,634921,Households using bottled water,1.9,1,KE,Kenya,2014,KE2014DHS,WS_SRCE_H_BOT,250161080,I,1000,0,Total,Total,0,,1,1,WSSRCEHBOT,,2014,DHS,36430,36430,,,
KEN,634901,Households using an unimproved water source,26.9,1,KE,Kenya,2014,KE2014DHS,WS_SRCE_H_NIM,250161090,I,1000,0,Total,Total,0,,1,1,WSSRCEHNIM,,2014,DHS,36430,36430,,,
KEN,634919,Households using an unprotected well water,5.8,1,KE,Kenya,2014,KE2014DHS,WS_SRCE_H_UWL,250161100,I,1000,0,Total,Total,0,,1,1,WSSRCEHUWL,,2014,DHS,36430,36430,,,
KEN,634896,Households using an unprotected spring,3.7,1,KE,Kenya,2014,KE2014DHS,WS_SRCE_H_USG,250161110,I,1000,0,Total,Total,0,,1,1,WSSRCEHUSG,,2014,DHS,36430,36430,,,
KEN,634897,Households using surface water,15.6,1,KE,Kenya,2014,KE2014DHS,WS_SRCE_H_SRF,250161130,I,1000,0,Total,Total,0,,1,1,WSSRCEHSRF,,2014,DHS,36430,36430,,,
KEN,634900,Households using other water source,1.7,1,KE,Kenya,2014,KE2014DHS,WS_SRCE_H_OTH,250161140,I,1000,0,Total,Total,0,,1,1,WSSRCEHOTH,,2014,DHS,36430,36430,,,
KEN,634922,Households with don't know or missing information on water source,0,1,KE,Kenya,2014,KE2014DHS,WS_SRCE_H_DKM,250161150,S,1000,0,Total,Total,0,,1,1,WSSRCEHDKM,,2014,DHS,36430,36430,,,
KEN,634903,Households: Total,100,1,KE,Kenya,2014,KE2014DHS,WS_SRCE_H_TOT,250161160,T,1000,0,Total,Total,0,,1,1,WSSRCEHTOT,,2014,DHS,36430,36430,,,
KEN,413988,Population using an improved water source,68.4,1,KE,Kenya,2014,KE2014DHS,WS_SRCE_P_IMP,250162010,I,1000,0,Total,Total,0,,1,1,WSSRCEPIMP,,2014,DHS,142708,151093,,,
KEN,413970,Population using water piped into dwelling,6.4,1,KE,Kenya,2014,KE2014DHS,WS_SRCE_P_PIP,250162020,I,1000,0,Total,Total,0,,1,1,WSSRCEPPIP,,2014,DHS,142708,151093,,,
KEN,413989,Population using a public tap/standpipe,14,1,KE,Kenya,2014,KE2014DHS,WS_SRCE_P_TAP,250162030,I,1000,0,Total,Total,0,,1,1,WSSRCEPTAP,,2014,DHS,142708,151093,,,
KEN,413982,Population using a tubewell/borehole,7,1,KE,Kenya,2014,KE2014DHS,WS_SRCE_P_TUB,250162040,I,1000,0,Total,Total,0,,1,1,WSSRCEPTUB,,2014,DHS,142708,151093,,,
KEN,413983,Population using a protected well,8.6,1,KE,Kenya,2014,KE2014DHS,WS_SRCE_P_PWL,250162050,I,1000,0,Total,Total,0,,1,1,WSSRCEPPWL,,2014,DHS,142708,151093,,,
KEN,413984,Population using a protected spring,9.6,1,KE,Kenya,2014,KE2014DHS,WS_SRCE_P_PSG,250162060,I,1000,0,Total,Total,0,,1,1,WSSRCEPPSG,,2014,DHS,142708,151093,,,
KEN,413985,Population using rainwater,3.5,1,KE,Kenya,2014,KE2014DHS,WS_SRCE_P_RNW,250162070,I,1000,0,Total,Total,0,,1,1,WSSRCEPRNW,,2014,DHS,142708,151093,,,
KEN,413976,Population using tanker truck,0.5,1,KE,Kenya,2014,KE2014DHS,WS_SRCE_P_TNK,250162074,I,1000,0,Total,Total,0,,1,1,WSSRCEPTNK,,2014,DHS,142708,151093,,,
KEN,413991,Population using bottled water/demi john,1.4,1,KE,Kenya,2014,KE2014DHS,WS_SRCE_P_BOT,250162080,I,1000,0,Total,Total,0,,1,1,WSSRCEPBOT,,2014,DHS,142708,151093,,,
KEN,413972,Population using an unimproved water source,31.6,1,KE,Kenya,2014,KE2014DHS,WS_SRCE_P_NIM,250162090,I,1000,0,Total,Total,0,,1,1,WSSRCEPNIM,,2014,DHS,142708,151093,,,
KEN,413990,Population using an unprotected well water,7.3,1,KE,Kenya,2014,KE2014DHS,WS_SRCE_P_UWL,250162100,I,1000,0,Total,Total,0,,1,1,WSSRCEPUWL,,2014,DHS,142708,151093,,,
KEN,413971,Population using an unprotected spring,4.4,1,KE,Kenya,2014,KE2014DHS,WS_SRCE_P_USG,250162110,I,1000,0,Total,Total,0,,1,1,WSSRCEPUSG,,2014,DHS,142708,151093,,,
KEN,413975,Population using surface water,18.4,1,KE,Kenya,2014,KE2014DHS,WS_SRCE_P_SRF,250162130,I,1000,0,Total,Total,0,,1,1,WSSRCEPSRF,,2014,DHS,142708,151093,,,
KEN,413977,Population using other water source,1.5,1,KE,Kenya,2014,KE2014DHS,WS_SRCE_P_OTH,250162140,I,1000,0,Total,Total,0,,1,1,WSSRCEPOTH,,2014,DHS,142708,151093,,,
KEN,413978,Population with don't know or missing information on water source,0,1,KE,Kenya,2014,KE2014DHS,WS_SRCE_P_DKM,250162150,S,1000,0,Total,Total,0,,1,1,WSSRCEPDKM,,2014,DHS,142708,151093,,,
KEN,413973,Population: Total,100,1,KE,Kenya,2014,KE2014DHS,WS_SRCE_P_TOT,250162160,T,1000,0,Total,Total,0,,1,1,WSSRCEPTOT,,2014,DHS,142708,151093,,,
KEN,634923,Households with water on the premises,38.2,1,KE,Kenya,2014,KE2014DHS,WS_TIME_H_ONP,250201010,I,1000,0,Total,Total,0,,1,1,WSTIMEHONP,,2014,DHS,36430,36430,,,
KEN,634904,Households with water 30 minutes or less away round trip,45.5,1,KE,Kenya,2014,KE2014DHS,WS_TIME_H_L30,250201020,I,1000,0,Total,Total,0,,1,1,WSTIMEHL30,,2014,DHS,36430,36430,,,
KEN,634913,Households with water more than 30 minutes away round trip,15.3,1,KE,Kenya,2014,KE2014DHS,WS_TIME_H_M30,250201030,I,1000,0,Total,Total,0,,1,1,WSTIMEHM30,,2014,DHS,36430,36430,,,
KEN,634914,Household with unknown or missing information on round trip time to water,1,1,KE,Kenya,2014,KE2014DHS,WS_TIME_H_DKM,250201040,S,1000,0,Total,Total,0,,1,1,WSTIMEHDKM,,2014,DHS,36430,36430,,,
KEN,634915,Households: Total,100,1,KE,Kenya,2014,KE2014DHS,WS_TIME_H_TOT,250201050,T,1000,0,Total,Total,0,,1,1,WSTIMEHTOT,,2014,DHS,36430,36430,,,
KEN,413992,Population with water on the premises,33.4,1,KE,Kenya,2014,KE2014DHS,WS_TIME_P_ONP,250202010,I,1000,0,Total,Total,0,,1,1,WSTIMEPONP,,2014,DHS,142708,151093,,,
KEN,413974,Population with water 30 minutes or less away round trip,47.3,1,KE,Kenya,2014,KE2014DHS,WS_TIME_P_L30,250202020,I,1000,0,Total,Total,0,,1,1,WSTIMEPL30,,2014,DHS,142708,151093,,,
KEN,414005,Population with water more than 30 minutes away round trip,18.5,1,KE,Kenya,2014,KE2014DHS,WS_TIME_P_M30,250202030,I,1000,0,Total,Total,0,,1,1,WSTIMEPM30,,2014,DHS,142708,151093,,,
KEN,413998,Population with unknown or missing information on round trip time to water,0.8,1,KE,Kenya,2014,KE2014DHS,WS_TIME_P_DKM,250202040,S,1000,0,Total,Total,0,,1,1,WSTIMEPDKM,,2014,DHS,142708,151093,,,
KEN,413999,Population: Total,100,1,KE,Kenya,2014,KE2014DHS,WS_TIME_P_TOT,250202050,T,1000,0,Total,Total,0,,1,1,WSTIMEPTOT,,2014,DHS,142708,151093,,,
KEN,634917,Households treating water by boiling,23.7,1,KE,Kenya,2014,KE2014DHS,WS_WTRT_H_BOL,250231010,I,1000,0,Total,Total,0,,1,1,WSWTRTHBOL,,2014,DHS,36430,36430,,,
KEN,634906,Households treating water by adding bleach/chlorine,22.2,1,KE,Kenya,2014,KE2014DHS,WS_WTRT_H_BLC,250231020,I,1000,0,Total,Total,0,,1,1,WSWTRTHBLC,,2014,DHS,36430,36430,,,
KEN,634925,Households treating water by straining through a cloth,0.8,1,KE,Kenya,2014,KE2014DHS,WS_WTRT_H_STN,250231030,I,1000,0,Total,Total,0,,1,1,WSWTRTHSTN,,2014,DHS,36430,36430,,,
KEN,634907,"Households treating water using a ceramic, sand or other filter",2.6,1,KE,Kenya,2014,KE2014DHS,WS_WTRT_H_CER,250231040,I,1000,0,Total,Total,0,,1,1,WSWTRTHCER,,2014,DHS,36430,36430,,,
KEN,634926,Households treating water using solar disinfection,0,1,KE,Kenya,2014,KE2014DHS,WS_WTRT_H_SOL,250231050,I,1000,0,Total,Total,0,,1,1,WSWTRTHSOL,,2014,DHS,36430,36430,,,
KEN,634927,Households treating water using other methods,1.5,1,KE,Kenya,2014,KE2014DHS,WS_WTRT_H_OTH,250231060,I,1000,0,Total,Total,0,,1,1,WSWTRTHOTH,,2014,DHS,36430,36430,,,
KEN,634928,Households not treating water,54.3,1,KE,Kenya,2014,KE2014DHS,WS_WTRT_H_NTR,250231070,I,1000,0,Total,Total,0,,1,1,WSWTRTHNTR,,2014,DHS,36430,36430,,,
KEN,634929,Households using an appropriate treatment method,44.5,1,KE,Kenya,2014,KE2014DHS,WS_WTRT_H_APP,250231090,I,1000,0,Total,Total,0,,1,1,WSWTRTHAPP,,2014,DHS,36430,36430,,,
KEN,413968,Number of households,36430,0,KE,Kenya,2014,KE2014DHS,WS_WTRT_H_NUM,250231100,D,1000,0,Total,Total,0,,1,1,WSWTRTHNUM,,2014,DHS,,36430,,,
KEN,634885,Number of households (unweighted),36430,0,KE,Kenya,2014,KE2014DHS,WS_WTRT_H_UNW,250231110,U,1000,0,Total,Total,0,,1,1,WSWTRTHUNW,,2014,DHS,36430,,,,
KEN,414000,Population treating water by boiling,22.7,1,KE,Kenya,2014,KE2014DHS,WS_WTRT_P_BOL,250232010,I,1000,0,Total,Total,0,,1,1,WSWTRTPBOL,,2014,DHS,142708,151093,,,
KEN,414001,Population treating water by adding bleach/chlorine,23.8,1,KE,Kenya,2014,KE2014DHS,WS_WTRT_P_BLC,250232020,I,1000,0,Total,Total,0,,1,1,WSWTRTPBLC,,2014,DHS,142708,151093,,,
KEN,414007,Population treating water by straining through a cloth,1,1,KE,Kenya,2014,KE2014DHS,WS_WTRT_P_STN,250232030,I,1000,0,Total,Total,0,,1,1,WSWTRTPSTN,,2014,DHS,142708,151093,,,
KEN,413996,"Population treating water using a ceramic, sand or other filter",3.2,1,KE,Kenya,2014,KE2014DHS,WS_WTRT_P_CER,250232040,I,1000,0,Total,Total,0,,1,1,WSWTRTPCER,,2014,DHS,142708,151093,,,
KEN,414013,Population treating water using solar disinfection,0,1,KE,Kenya,2014,KE2014DHS,WS_WTRT_P_SOL,250232050,I,1000,0,Total,Total,0,,1,1,WSWTRTPSOL,,2014,DHS,142708,151093,,,
KEN,413997,Population treating water using other methods,1.6,1,KE,Kenya,2014,KE2014DHS,WS_WTRT_P_OTH,250232060,I,1000,0,Total,Total,0,,1,1,WSWTRTPOTH,,2014,DHS,142708,151093,,,
KEN,414014,Population not treating water,53.3,1,KE,Kenya,2014,KE2014DHS,WS_WTRT_P_NTR,250232070,I,1000,0,Total,Total,0,,1,1,WSWTRTPNTR,,2014,DHS,142708,151093,,,
KEN,414003,Population using an appropriate treatment method,45.3,1,KE,Kenya,2014,KE2014DHS,WS_WTRT_P_APP,250232090,I,1000,0,Total,Total,0,,1,1,WSWTRTPAPP,,2014,DHS,142708,151093,,,
KEN,414004,Number of persons,142708,0,KE,Kenya,2014,KE2014DHS,WS_WTRT_P_NUM,250232100,D,1000,0,Total,Total,0,,1,1,WSWTRTPNUM,,2014,DHS,,151093,,,
KEN,414008,Number of persons (unweighted),151093,0,KE,Kenya,2014,KE2014DHS,WS_WTRT_P_UNW,250232110,U,1000,0,Total,Total,0,,1,1,WSWTRTPUNW,,2014,DHS,142708,,,,
KEN,414108,Households using an improved water source,78.3,1,KE,Kenya,2015,KE2015MIS,WS_SRCE_H_IMP,250161010,I,1000,0,Total,Total,0,,1,1,WSSRCEHIMP,,2015,MIS,6481,6481,,,
KEN,414120,Households using water piped into dwelling,10.3,1,KE,Kenya,2015,KE2015MIS,WS_SRCE_H_PIP,250161020,I,1000,0,Total,Total,0,,1,1,WSSRCEHPIP,,2015,MIS,6481,6481,,,
KEN,414127,Households using a public tap/standpipe,18,1,KE,Kenya,2015,KE2015MIS,WS_SRCE_H_TAP,250161030,I,1000,0,Total,Total,0,,1,1,WSSRCEHTAP,,2015,MIS,6481,6481,,,
KEN,414128,Households using a tubewell/borehole,7.3,1,KE,Kenya,2015,KE2015MIS,WS_SRCE_H_TUB,250161040,I,1000,0,Total,Total,0,,1,1,WSSRCEHTUB,,2015,MIS,6481,6481,,,
KEN,414133,Households using a protected well,7.9,1,KE,Kenya,2015,KE2015MIS,WS_SRCE_H_PWL,250161050,I,1000,0,Total,Total,0,,1,1,WSSRCEHPWL,,2015,MIS,6481,6481,,,
KEN,414110,Households using a protected spring,8.3,1,KE,Kenya,2015,KE2015MIS,WS_SRCE_H_PSG,250161060,I,1000,0,Total,Total,0,,1,1,WSSRCEHPSG,,2015,MIS,6481,6481,,,
KEN,414123,Households using rainwater,5.5,1,KE,Kenya,2015,KE2015MIS,WS_SRCE_H_RNW,250161070,I,1000,0,Total,Total,0,,1,1,WSSRCEHRNW,,2015,MIS,6481,6481,,,
KEN,414117,Households using tanker truck,1.6,1,KE,Kenya,2015,KE2015MIS,WS_SRCE_H_TNK,250161074,I,1000,0,Total,Total,0,,1,1,WSSRCEHTNK,,2015,MIS,6481,6481,,,
KEN,414111,Households using bottled water,3.8,1,KE,Kenya,2015,KE2015MIS,WS_SRCE_H_BOT,250161080,I,1000,0,Total,Total,0,,1,1,WSSRCEHBOT,,2015,MIS,6481,6481,,,
KEN,414122,Households using an unimproved water source,21.7,1,KE,Kenya,2015,KE2015MIS,WS_SRCE_H_NIM,250161090,I,1000,0,Total,Total,0,,1,1,WSSRCEHNIM,,2015,MIS,6481,6481,,,
KEN,414109,Households using an unprotected well water,2.4,1,KE,Kenya,2015,KE2015MIS,WS_SRCE_H_UWL,250161100,I,1000,0,Total,Total,0,,1,1,WSSRCEHUWL,,2015,MIS,6481,6481,,,
KEN,414115,Households using an unprotected spring,2.2,1,KE,Kenya,2015,KE2015MIS,WS_SRCE_H_USG,250161110,I,1000,0,Total,Total,0,,1,1,WSSRCEHUSG,,2015,MIS,6481,6481,,,
KEN,414116,Households using surface water,16.8,1,KE,Kenya,2015,KE2015MIS,WS_SRCE_H_SRF,250161130,I,1000,0,Total,Total,0,,1,1,WSSRCEHSRF,,2015,MIS,6481,6481,,,
KEN,414119,Households using other water source,0.3,1,KE,Kenya,2015,KE2015MIS,WS_SRCE_H_OTH,250161140,I,1000,0,Total,Total,0,,1,1,WSSRCEHOTH,,2015,MIS,6481,6481,,,
KEN,414124,Households: Total,100,1,KE,Kenya,2015,KE2015MIS,WS_SRCE_H_TOT,250161160,T,1000,0,Total,Total,0,,1,1,WSSRCEHTOT,,2015,MIS,6481,6481,,,
KEN,4557,Population using an improved water source,73.4,1,KE,Kenya,2015,KE2015MIS,WS_SRCE_P_IMP,250162010,I,1000,0,Total,Total,0,,1,1,WSSRCEPIMP,,2015,MIS,23565,25045,,,
KEN,4680,Population using water piped into dwelling,7.9,1,KE,Kenya,2015,KE2015MIS,WS_SRCE_P_PIP,250162020,I,1000,0,Total,Total,0,,1,1,WSSRCEPPIP,,2015,MIS,23565,25045,,,
KEN,4558,Population using a public tap/standpipe,16.7,1,KE,Kenya,2015,KE2015MIS,WS_SRCE_P_TAP,250162030,I,1000,0,Total,Total,0,,1,1,WSSRCEPTAP,,2015,MIS,23565,25045,,,
KEN,4670,Population using a tubewell/borehole,7.6,1,KE,Kenya,2015,KE2015MIS,WS_SRCE_P_TUB,250162040,I,1000,0,Total,Total,0,,1,1,WSSRCEPTUB,,2015,MIS,23565,25045,,,
KEN,4671,Population using a protected well,9.4,1,KE,Kenya,2015,KE2015MIS,WS_SRCE_P_PWL,250162050,I,1000,0,Total,Total,0,,1,1,WSSRCEPPWL,,2015,MIS,23565,25045,,,
KEN,4672,Population using a protected spring,10.1,1,KE,Kenya,2015,KE2015MIS,WS_SRCE_P_PSG,250162060,I,1000,0,Total,Total,0,,1,1,WSSRCEPPSG,,2015,MIS,23565,25045,,,
KEN,4673,Population using rainwater,5.3,1,KE,Kenya,2015,KE2015MIS,WS_SRCE_P_RNW,250162070,I,1000,0,Total,Total,0,,1,1,WSSRCEPRNW,,2015,MIS,23565,25045,,,
KEN,4667,Population using tanker truck,1.3,1,KE,Kenya,2015,KE2015MIS,WS_SRCE_P_TNK,250162074,I,1000,0,Total,Total,0,,1,1,WSSRCEPTNK,,2015,MIS,23565,25045,,,
KEN,4662,Population using bottled water/demi john,2,1,KE,Kenya,2015,KE2015MIS,WS_SRCE_P_BOT,250162080,I,1000,0,Total,Total,0,,1,1,WSSRCEPBOT,,2015,MIS,23565,25045,,,
KEN,4682,Population using an unimproved water source,26.6,1,KE,Kenya,2015,KE2015MIS,WS_SRCE_P_NIM,250162090,I,1000,0,Total,Total,0,,1,1,WSSRCEPNIM,,2015,MIS,23565,25045,,,
KEN,4559,Population using an unprotected well water,3,1,KE,Kenya,2015,KE2015MIS,WS_SRCE_P_UWL,250162100,I,1000,0,Total,Total,0,,1,1,WSSRCEPUWL,,2015,MIS,23565,25045,,,
KEN,4681,Population using an unprotected spring,2.6,1,KE,Kenya,2015,KE2015MIS,WS_SRCE_P_USG,250162110,I,1000,0,Total,Total,0,,1,1,WSSRCEPUSG,,2015,MIS,23565,25045,,,
KEN,4666,Population using surface water,20.7,1,KE,Kenya,2015,KE2015MIS,WS_SRCE_P_SRF,250162130,I,1000,0,Total,Total,0,,1,1,WSSRCEPSRF,,2015,MIS,23565,25045,,,
KEN,4668,Population using other water source,0.3,1,KE,Kenya,2015,KE2015MIS,WS_SRCE_P_OTH,250162140,I,1000,0,Total,Total,0,,1,1,WSSRCEPOTH,,2015,MIS,23565,25045,,,
KEN,4683,Population: Total,100,1,KE,Kenya,2015,KE2015MIS,WS_SRCE_P_TOT,250162160,T,1000,0,Total,Total,0,,1,1,WSSRCEPTOT,,2015,MIS,23565,25045,,,
KEN,414112,Households with water on the premises,47.5,1,KE,Kenya,2015,KE2015MIS,WS_TIME_H_ONP,250201010,I,1000,0,Total,Total,0,,1,1,WSTIMEHONP,,2015,MIS,6481,6481,,,
KEN,414125,Households with water 30 minutes or less away round trip,39.5,1,KE,Kenya,2015,KE2015MIS,WS_TIME_H_L30,250201020,I,1000,0,Total,Total,0,,1,1,WSTIMEHL30,,2015,MIS,6481,6481,,,
KEN,414134,Households with water more than 30 minutes away round trip,12.1,1,KE,Kenya,2015,KE2015MIS,WS_TIME_H_M30,250201030,I,1000,0,Total,Total,0,,1,1,WSTIMEHM30,,2015,MIS,6481,6481,,,
KEN,414135,Household with unknown or missing information on round trip time to water,1,1,KE,Kenya,2015,KE2015MIS,WS_TIME_H_DKM,250201040,S,1000,0,Total,Total,0,,1,1,WSTIMEHDKM,,2015,MIS,6481,6481,,,
KEN,414136,Households: Total,100,1,KE,Kenya,2015,KE2015MIS,WS_TIME_H_TOT,250201050,T,1000,0,Total,Total,0,,1,1,WSTIMEHTOT,,2015,MIS,6481,6481,,,
KEN,4663,Population with water on the premises,41.1,1,KE,Kenya,2015,KE2015MIS,WS_TIME_P_ONP,250202010,I,1000,0,Total,Total,0,,1,1,WSTIMEPONP,,2015,MIS,23565,25045,,,
KEN,4685,Population with water 30 minutes or less away round trip,43.6,1,KE,Kenya,2015,KE2015MIS,WS_TIME_P_L30,250202020,I,1000,0,Total,Total,0,,1,1,WSTIMEPL30,,2015,MIS,23565,25045,,,
KEN,4664,Population with water more than 30 minutes away round trip,14.6,1,KE,Kenya,2015,KE2015MIS,WS_TIME_P_M30,250202030,I,1000,0,Total,Total,0,,1,1,WSTIMEPM30,,2015,MIS,23565,25045,,,
KEN,4677,Population with unknown or missing information on round trip time to water,0.7,1,KE,Kenya,2015,KE2015MIS,WS_TIME_P_DKM,250202040,S,1000,0,Total,Total,0,,1,1,WSTIMEPDKM,,2015,MIS,23565,25045,,,
KEN,4678,Population: Total,100,1,KE,Kenya,2015,KE2015MIS,WS_TIME_P_TOT,250202050,T,1000,0,Total,Total,0,,1,1,WSTIMEPTOT,,2015,MIS,23565,25045,,,
KEN,414114,Number of households,6481,0,KE,Kenya,2015,KE2015MIS,WS_WTRT_H_NUM,250231100,D,1000,0,Total,Total,0,,1,1,WSWTRTHNUM,,2015,MIS,,6481,,,
KEN,414138,Number of households (unweighted),6481,0,KE,Kenya,2015,KE2015MIS,WS_WTRT_H_UNW,250231110,U,1000,0,Total,Total,0,,1,1,WSWTRTHUNW,,2015,MIS,6481,,,,
KEN,11501,Number of persons,23565,0,KE,Kenya,2015,KE2015MIS,WS_WTRT_P_NUM,250232100,D,1000,0,Total,Total,0,,1,1,WSWTRTPNUM,,2015,MIS,,25045,,,
KEN,594810,Number of persons (unweighted),25045,0,KE,Kenya,2015,KE2015MIS,WS_WTRT_P_UNW,250232110,U,1000,0,Total,Total,0,,1,1,WSWTRTPUNW,,2015,MIS,23565,,,,
KEN,766224,Households using an improved water source,69.8,1,KE,Kenya,2020,KE2020MIS,WS_SRCE_H_IMP,250161010,I,1000,0,Total,Total,0,,1,1,WSSRCEHIMP,,2020,MIS,7952,7952,,,
KEN,766227,Households using water piped into dwelling,13.3,1,KE,Kenya,2020,KE2020MIS,WS_SRCE_H_PIP,250161020,I,1000,0,Total,Total,0,,1,1,WSSRCEHPIP,,2020,MIS,7952,7952,,,
KEN,766229,Households using a public tap/standpipe,7.4,1,KE,Kenya,2020,KE2020MIS,WS_SRCE_H_TAP,250161030,I,1000,0,Total,Total,0,,1,1,WSSRCEHTAP,,2020,MIS,7952,7952,,,
KEN,766232,Households using a tubewell/borehole,5.7,1,KE,Kenya,2020,KE2020MIS,WS_SRCE_H_TUB,250161040,I,1000,0,Total,Total,0,,1,1,WSSRCEHTUB,,2020,MIS,7952,7952,,,
KEN,766233,Households using a protected well,7.8,1,KE,Kenya,2020,KE2020MIS,WS_SRCE_H_PWL,250161050,I,1000,0,Total,Total,0,,1,1,WSSRCEHPWL,,2020,MIS,7952,7952,,,
KEN,766226,Households using a protected spring,4.1,1,KE,Kenya,2020,KE2020MIS,WS_SRCE_H_PSG,250161060,I,1000,0,Total,Total,0,,1,1,WSSRCEHPSG,,2020,MIS,7952,7952,,,
KEN,766223,Households using rainwater,7.5,1,KE,Kenya,2020,KE2020MIS,WS_SRCE_H_RNW,250161070,I,1000,0,Total,Total,0,,1,1,WSSRCEHRNW,,2020,MIS,7952,7952,,,
KEN,766146,Households using tanker truck,2.5,1,KE,Kenya,2020,KE2020MIS,WS_SRCE_H_TNK,250161074,I,1000,0,Total,Total,0,,1,1,WSSRCEHTNK,,2020,MIS,7952,7952,,,
KEN,766139,Households using bottled water,2.6,1,KE,Kenya,2020,KE2020MIS,WS_SRCE_H_BOT,250161080,I,1000,0,Total,Total,0,,1,1,WSSRCEHBOT,,2020,MIS,7952,7952,,,
KEN,766222,Households using an unimproved water source,30.2,1,KE,Kenya,2020,KE2020MIS,WS_SRCE_H_NIM,250161090,I,1000,0,Total,Total,0,,1,1,WSSRCEHNIM,,2020,MIS,7952,7952,,,
KEN,766225,Households using an unprotected well water,3.3,1,KE,Kenya,2020,KE2020MIS,WS_SRCE_H_UWL,250161100,I,1000,0,Total,Total,0,,1,1,WSSRCEHUWL,,2020,MIS,7952,7952,,,
KEN,766220,Households using an unprotected spring,5.3,1,KE,Kenya,2020,KE2020MIS,WS_SRCE_H_USG,250161110,I,1000,0,Total,Total,0,,1,1,WSSRCEHUSG,,2020,MIS,7952,7952,,,
KEN,766221,Households using surface water,21.5,1,KE,Kenya,2020,KE2020MIS,WS_SRCE_H_SRF,250161130,I,1000,0,Total,Total,0,,1,1,WSSRCEHSRF,,2020,MIS,7952,7952,,,
KEN,766234,Households: Total,100,1,KE,Kenya,2020,KE2020MIS,WS_SRCE_H_TOT,250161160,T,1000,0,Total,Total,0,,1,1,WSSRCEHTOT,,2020,MIS,7952,7952,,,
KEN,645454,Population using an improved water source,65.5,1,KE,Kenya,2020,KE2020MIS,WS_SRCE_P_IMP,250162010,I,1000,0,Total,Total,0,,1,1,WSSRCEPIMP,,2020,MIS,29775,30899,,,
KEN,645464,Population using water piped into dwelling,11.7,1,KE,Kenya,2020,KE2020MIS,WS_SRCE_P_PIP,250162020,I,1000,0,Total,Total,0,,1,1,WSSRCEPPIP,,2020,MIS,29775,30899,,,
KEN,645455,Population using a public tap/standpipe,6.9,1,KE,Kenya,2020,KE2020MIS,WS_SRCE_P_TAP,250162030,I,1000,0,Total,Total,0,,1,1,WSSRCEPTAP,,2020,MIS,29775,30899,,,
KEN,645468,Population using a tubewell/borehole,6.1,1,KE,Kenya,2020,KE2020MIS,WS_SRCE_P_TUB,250162040,I,1000,0,Total,Total,0,,1,1,WSSRCEPTUB,,2020,MIS,29775,30899,,,
KEN,645469,Population using a protected well,8.6,1,KE,Kenya,2020,KE2020MIS,WS_SRCE_P_PWL,250162050,I,1000,0,Total,Total,0,,1,1,WSSRCEPPWL,,2020,MIS,29775,30899,,,
KEN,645470,Population using a protected spring,4.8,1,KE,Kenya,2020,KE2020MIS,WS_SRCE_P_PSG,250162060,I,1000,0,Total,Total,0,,1,1,WSSRCEPPSG,,2020,MIS,29775,30899,,,
KEN,645471,Population using rainwater,7.5,1,KE,Kenya,2020,KE2020MIS,WS_SRCE_P_RNW,250162070,I,1000,0,Total,Total,0,,1,1,WSSRCEPRNW,,2020,MIS,29775,30899,,,
KEN,645463,Population using tanker truck,2.2,1,KE,Kenya,2020,KE2020MIS,WS_SRCE_P_TNK,250162074,I,1000,0,Total,Total,0,,1,1,WSSRCEPTNK,,2020,MIS,29775,30899,,,
KEN,645457,Population using bottled water/demi john,2.1,1,KE,Kenya,2020,KE2020MIS,WS_SRCE_P_BOT,250162080,I,1000,0,Total,Total,0,,1,1,WSSRCEPBOT,,2020,MIS,29775,30899,,,
KEN,645466,Population using an unimproved water source,34.5,1,KE,Kenya,2020,KE2020MIS,WS_SRCE_P_NIM,250162090,I,1000,0,Total,Total,0,,1,1,WSSRCEPNIM,,2020,MIS,29775,30899,,,
KEN,645456,Population using an unprotected well water,3.5,1,KE,Kenya,2020,KE2020MIS,WS_SRCE_P_UWL,250162100,I,1000,0,Total,Total,0,,1,1,WSSRCEPUWL,,2020,MIS,29775,30899,,,
KEN,645465,Population using an unprotected spring,6.3,1,KE,Kenya,2020,KE2020MIS,WS_SRCE_P_USG,250162110,I,1000,0,Total,Total,0,,1,1,WSSRCEPUSG,,2020,MIS,29775,30899,,,
KEN,645462,Population using surface water,24.7,1,KE,Kenya,2020,KE2020MIS,WS_SRCE_P_SRF,250162130,I,1000,0,Total,Total,0,,1,1,WSSRCEPSRF,,2020,MIS,29775,30899,,,
KEN,645473,Population: Total,100,1,KE,Kenya,2020,KE2020MIS,WS_SRCE_P_TOT,250162160,T,1000,0,Total,Total,0,,1,1,WSSRCEPTOT,,2020,MIS,29775,30899,,,
KEN,766140,Households with water on the premises,50.6,1,KE,Kenya,2020,KE2020MIS,WS_TIME_H_ONP,250201010,I,1000,0,Total,Total,0,,1,1,WSTIMEHONP,,2020,MIS,7952,7952,,,
KEN,766137,Households with water 30 minutes or less away round trip,37.2,1,KE,Kenya,2020,KE2020MIS,WS_TIME_H_L30,250201020,I,1000,0,Total,Total,0,,1,1,WSTIMEHL30,,2020,MIS,7952,7952,,,
KEN,766142,Households with water more than 30 minutes away round trip,11.9,1,KE,Kenya,2020,KE2020MIS,WS_TIME_H_M30,250201030,I,1000,0,Total,Total,0,,1,1,WSTIMEHM30,,2020,MIS,7952,7952,,,
KEN,766143,Household with unknown or missing information on round trip time to water,0.2,1,KE,Kenya,2020,KE2020MIS,WS_TIME_H_DKM,250201040,S,1000,0,Total,Total,0,,1,1,WSTIMEHDKM,,2020,MIS,7952,7952,,,
KEN,766144,Households: Total,100,1,KE,Kenya,2020,KE2020MIS,WS_TIME_H_TOT,250201050,T,1000,0,Total,Total,0,,1,1,WSTIMEHTOT,,2020,MIS,7952,7952,,,
KEN,645458,Population with water on the premises,45.4,1,KE,Kenya,2020,KE2020MIS,WS_TIME_P_ONP,250202010,I,1000,0,Total,Total,0,,1,1,WSTIMEPONP,,2020,MIS,29775,30899,,,
KEN,645474,Population with water 30 minutes or less away round trip,40.5,1,KE,Kenya,2020,KE2020MIS,WS_TIME_P_L30,250202020,I,1000,0,Total,Total,0,,1,1,WSTIMEPL30,,2020,MIS,29775,30899,,,
KEN,645459,Population with water more than 30 minutes away round trip,13.8,1,KE,Kenya,2020,KE2020MIS,WS_TIME_P_M30,250202030,I,1000,0,Total,Total,0,,1,1,WSTIMEPM30,,2020,MIS,29775,30899,,,
KEN,645477,Population with unknown or missing information on round trip time to water,0.3,1,KE,Kenya,2020,KE2020MIS,WS_TIME_P_DKM,250202040,S,1000,0,Total,Total,0,,1,1,WSTIMEPDKM,,2020,MIS,29775,30899,,,
KEN,645478,Population: Total,100,1,KE,Kenya,2020,KE2020MIS,WS_TIME_P_TOT,250202050,T,1000,0,Total,Total,0,,1,1,WSTIMEPTOT,,2020,MIS,29775,30899,,,
KEN,775531,Number of households,7952,0,KE,Kenya,2020,KE2020MIS,WS_WTRT_H_NUM,250231100,D,1000,0,Total,Total,0,,1,1,WSWTRTHNUM,,2020,MIS,,7952,,,
KEN,680469,Number of households (unweighted),7952,0,KE,Kenya,2020,KE2020MIS,WS_WTRT_H_UNW,250231110,U,1000,0,Total,Total,0,,1,1,WSWTRTHUNW,,2020,MIS,7952,,,,
KEN,429206,Number of persons,29775,0,KE,Kenya,2020,KE2020MIS,WS_WTRT_P_NUM,250232100,D,1000,0,Total,Total,0,,1,1,WSWTRTPNUM,,2020,MIS,,30899,,,
KEN,645479,Number of persons (unweighted),30899,0,KE,Kenya,2020,KE2020MIS,WS_WTRT_P_UNW,250232110,U,1000,0,Total,Total,0,,1,1,WSWTRTPUNW,,2020,MIS,29775,,,,
KEN,627636,Households using an improved water source,80.4,1,KE,Kenya,2022,KE2022DHS,WS_SRCE_H_IMP,250161010,I,1000,0,Total,Total,0,,1,1,WSSRCEHIMP,,2022,DHS,37911,37911,,,
KEN,627625,Households using water piped into dwelling,8.1,1,KE,Kenya,2022,KE2022DHS,WS_SRCE_H_PIP,250161020,I,1000,0,Total,Total,0,,1,1,WSSRCEHPIP,,2022,DHS,37911,37911,,,
KEN,627627,Households using a public tap/standpipe,11.1,1,KE,Kenya,2022,KE2022DHS,WS_SRCE_H_TAP,250161030,I,1000,0,Total,Total,0,,1,1,WSSRCEHTAP,,2022,DHS,37911,37911,,,
KEN,627629,Households using a tubewell/borehole,7.6,1,KE,Kenya,2022,KE2022DHS,WS_SRCE_H_TUB,250161040,I,1000,0,Total,Total,0,,1,1,WSSRCEHTUB,,2022,DHS,37911,37911,,,
KEN,627630,Households using a protected well,6.5,1,KE,Kenya,2022,KE2022DHS,WS_SRCE_H_PWL,250161050,I,1000,0,Total,Total,0,,1,1,WSSRCEHPWL,,2022,DHS,37911,37911,,,
KEN,627661,Households using a protected spring,7.6,1,KE,Kenya,2022,KE2022DHS,WS_SRCE_H_PSG,250161060,I,1000,0,Total,Total,0,,1,1,WSSRCEHPSG,,2022,DHS,37911,37911,,,
KEN,627616,Households using rainwater,8,1,KE,Kenya,2022,KE2022DHS,WS_SRCE_H_RNW,250161070,I,1000,0,Total,Total,0,,1,1,WSSRCEHRNW,,2022,DHS,37911,37911,,,
KEN,627605,Households using tanker truck,1.4,1,KE,Kenya,2022,KE2022DHS,WS_SRCE_H_TNK,250161074,I,1000,0,Total,Total,0,,1,1,WSSRCEHTNK,,2022,DHS,37911,37911,,,
KEN,627662,Households using bottled water,7,1,KE,Kenya,2022,KE2022DHS,WS_SRCE_H_BOT,250161080,I,1000,0,Total,Total,0,,1,1,WSSRCEHBOT,,2022,DHS,37911,37911,,,
KEN,627615,Households using an unimproved water source,6.8,1,KE,Kenya,2022,KE2022DHS,WS_SRCE_H_NIM,250161090,I,1000,0,Total,Total,0,,1,1,WSSRCEHNIM,,2022,DHS,37911,37911,,,
KEN,627637,Households using an unprotected well water,1.9,1,KE,Kenya,2022,KE2022DHS,WS_SRCE_H_UWL,250161100,I,1000,0,Total,Total,0,,1,1,WSSRCEHUWL,,2022,DHS,37911,37911,,,
KEN,627603,Households using an unprotected spring,3.2,1,KE,Kenya,2022,KE2022DHS,WS_SRCE_H_USG,250161110,I,1000,0,Total,Total,0,,1,1,WSSRCEHUSG,,2022,DHS,37911,37911,,,
KEN,627604,Households using surface water,12.8,1,KE,Kenya,2022,KE2022DHS,WS_SRCE_H_SRF,250161130,I,1000,0,Total,Total,0,,1,1,WSSRCEHSRF,,2022,DHS,37911,37911,,,
KEN,627607,Households using other water source,1.7,1,KE,Kenya,2022,KE2022DHS,WS_SRCE_H_OTH,250161140,I,1000,0,Total,Total,0,,1,1,WSSRCEHOTH,,2022,DHS,37911,37911,,,
KEN,627617,Households: Total,100,1,KE,Kenya,2022,KE2022DHS,WS_SRCE_H_TOT,250161160,T,1000,0,Total,Total,0,,1,1,WSSRCEHTOT,,2022,DHS,37911,37911,,,
KEN,573705,Population using an improved water source,76.5,1,KE,Kenya,2022,KE2022DHS,WS_SRCE_P_IMP,250162010,I,1000,0,Total,Total,0,,1,1,WSSRCEPIMP,,2022,DHS,142026,152696,,,
KEN,573697,Population using water piped into dwelling,6.9,1,KE,Kenya,2022,KE2022DHS,WS_SRCE_P_PIP,250162020,I,1000,0,Total,Total,0,,1,1,WSSRCEPPIP,,2022,DHS,142026,152696,,,
KEN,573706,Population using a public tap/standpipe,10.3,1,KE,Kenya,2022,KE2022DHS,WS_SRCE_P_TAP,250162030,I,1000,0,Total,Total,0,,1,1,WSSRCEPTAP,,2022,DHS,142026,152696,,,
KEN,573719,Population using a tubewell/borehole,8.2,1,KE,Kenya,2022,KE2022DHS,WS_SRCE_P_TUB,250162040,I,1000,0,Total,Total,0,,1,1,WSSRCEPTUB,,2022,DHS,142026,152696,,,
KEN,573720,Population using a protected well,7.3,1,KE,Kenya,2022,KE2022DHS,WS_SRCE_P_PWL,250162050,I,1000,0,Total,Total,0,,1,1,WSSRCEPPWL,,2022,DHS,142026,152696,,,
KEN,573721,Population using a protected spring,9,1,KE,Kenya,2022,KE2022DHS,WS_SRCE_P_PSG,250162060,I,1000,0,Total,Total,0,,1,1,WSSRCEPPSG,,2022,DHS,142026,152696,,,
KEN,573722,Population using rainwater,7.9,1,KE,Kenya,2022,KE2022DHS,WS_SRCE_P_RNW,250162070,I,1000,0,Total,Total,0,,1,1,WSSRCEPRNW,,2022,DHS,142026,152696,,,
KEN,573714,Population using tanker truck,1.7,1,KE,Kenya,2022,KE2022DHS,WS_SRCE_P_TNK,250162074,I,1000,0,Total,Total,0,,1,1,WSSRCEPTNK,,2022,DHS,142026,152696,,,
KEN,573708,Population using bottled water/demi john,5.6,1,KE,Kenya,2022,KE2022DHS,WS_SRCE_P_BOT,250162080,I,1000,0,Total,Total,0,,1,1,WSSRCEPBOT,,2022,DHS,142026,152696,,,
KEN,573699,Population using an unimproved water source,7.6,1,KE,Kenya,2022,KE2022DHS,WS_SRCE_P_NIM,250162090,I,1000,0,Total,Total,0,,1,1,WSSRCEPNIM,,2022,DHS,142026,152696,,,
KEN,573707,Population using an unprotected well water,2.4,1,KE,Kenya,2022,KE2022DHS,WS_SRCE_P_UWL,250162100,I,1000,0,Total,Total,0,,1,1,WSSRCEPUWL,,2022,DHS,142026,152696,,,
KEN,573698,Population using an unprotected spring,3.8,1,KE,Kenya,2022,KE2022DHS,WS_SRCE_P_USG,250162110,I,1000,0,Total,Total,0,,1,1,WSSRCEPUSG,,2022,DHS,142026,152696,,,
KEN,573713,Population using surface water,15.9,1,KE,Kenya,2022,KE2022DHS,WS_SRCE_P_SRF,250162130,I,1000,0,Total,Total,0,,1,1,WSSRCEPSRF,,2022,DHS,142026,152696,,,
KEN,573715,Population using other water source,1.4,1,KE,Kenya,2022,KE2022DHS,WS_SRCE_P_OTH,250162140,I,1000,0,Total,Total,0,,1,1,WSSRCEPOTH,,2022,DHS,142026,152696,,,
KEN,573700,Population: Total,100,1,KE,Kenya,2022,KE2022DHS,WS_SRCE_P_TOT,250162160,T,1000,0,Total,Total,0,,1,1,WSSRCEPTOT,,2022,DHS,142026,152696,,,
KEN,627663,Households with water on the premises,53.3,1,KE,Kenya,2022,KE2022DHS,WS_TIME_H_ONP,250201010,I,1000,0,Total,Total,0,,1,1,WSTIMEHONP,,2022,DHS,37911,37911,,,
KEN,627618,Households with water 30 minutes or less away round trip,32.2,1,KE,Kenya,2022,KE2022DHS,WS_TIME_H_L30,250201020,I,1000,0,Total,Total,0,,1,1,WSTIMEHL30,,2022,DHS,37911,37911,,,
KEN,627631,Households with water more than 30 minutes away round trip,13.9,1,KE,Kenya,2022,KE2022DHS,WS_TIME_H_M30,250201030,I,1000,0,Total,Total,0,,1,1,WSTIMEHM30,,2022,DHS,37911,37911,,,
KEN,627632,Household with unknown or missing information on round trip time to water,0.6,1,KE,Kenya,2022,KE2022DHS,WS_TIME_H_DKM,250201040,S,1000,0,Total,Total,0,,1,1,WSTIMEHDKM,,2022,DHS,37911,37911,,,
KEN,627633,Households: Total,100,1,KE,Kenya,2022,KE2022DHS,WS_TIME_H_TOT,250201050,T,1000,0,Total,Total,0,,1,1,WSTIMEHTOT,,2022,DHS,37911,37911,,,
KEN,573709,Population with water on the premises,47.5,1,KE,Kenya,2022,KE2022DHS,WS_TIME_P_ONP,250202010,I,1000,0,Total,Total,0,,1,1,WSTIMEPONP,,2022,DHS,142026,152696,,,
KEN,573701,Population with water 30 minutes or less away round trip,34.4,1,KE,Kenya,2022,KE2022DHS,WS_TIME_P_L30,250202020,I,1000,0,Total,Total,0,,1,1,WSTIMEPL30,,2022,DHS,142026,152696,,,
KEN,573710,Population with water more than 30 minutes away round trip,17.5,1,KE,Kenya,2022,KE2022DHS,WS_TIME_P_M30,250202030,I,1000,0,Total,Total,0,,1,1,WSTIMEPM30,,2022,DHS,142026,152696,,,
KEN,573725,Population with unknown or missing information on round trip time to water,0.6,1,KE,Kenya,2022,KE2022DHS,WS_TIME_P_DKM,250202040,S,1000,0,Total,Total,0,,1,1,WSTIMEPDKM,,2022,DHS,142026,152696,,,
KEN,573726,Population: Total,100,1,KE,Kenya,2022,KE2022DHS,WS_TIME_P_TOT,250202050,T,1000,0,Total,Total,0,,1,1,WSTIMEPTOT,,2022,DHS,142026,152696,,,
KEN,627635,Households treating water by boiling,21.6,1,KE,Kenya,2022,KE2022DHS,WS_WTRT_H_BOL,250231010,I,1000,0,Total,Total,0,,1,1,WSWTRTHBOL,,2022,DHS,37911,37911,,,
KEN,627623,Households treating water by adding bleach/chlorine,14.8,1,KE,Kenya,2022,KE2022DHS,WS_WTRT_H_BLC,250231020,I,1000,0,Total,Total,0,,1,1,WSWTRTHBLC,,2022,DHS,37911,37911,,,
KEN,627665,Households treating water by straining through a cloth,1.4,1,KE,Kenya,2022,KE2022DHS,WS_WTRT_H_STN,250231030,I,1000,0,Total,Total,0,,1,1,WSWTRTHSTN,,2022,DHS,37911,37911,,,
KEN,627624,"Households treating water using a ceramic, sand or other filter",1.1,1,KE,Kenya,2022,KE2022DHS,WS_WTRT_H_CER,250231040,I,1000,0,Total,Total,0,,1,1,WSWTRTHCER,,2022,DHS,37911,37911,,,
KEN,627666,Households treating water using solar disinfection,0,1,KE,Kenya,2022,KE2022DHS,WS_WTRT_H_SOL,250231050,I,1000,0,Total,Total,0,,1,1,WSWTRTHSOL,,2022,DHS,37911,37911,,,
KEN,627608,Households treating water using other methods,2.7,1,KE,Kenya,2022,KE2022DHS,WS_WTRT_H_OTH,250231060,I,1000,0,Total,Total,0,,1,1,WSWTRTHOTH,,2022,DHS,37911,37911,,,
KEN,627609,Households not treating water,63.5,1,KE,Kenya,2022,KE2022DHS,WS_WTRT_H_NTR,250231070,I,1000,0,Total,Total,0,,1,1,WSWTRTHNTR,,2022,DHS,37911,37911,,,
KEN,627610,Households with missing information on treatment of water,0,1,KE,Kenya,2022,KE2022DHS,WS_WTRT_H_DKM,250231080,S,1000,0,Total,Total,0,,1,1,WSWTRTHDKM,,2022,DHS,37911,37911,,,
KEN,627614,Households using an appropriate treatment method,34.4,1,KE,Kenya,2022,KE2022DHS,WS_WTRT_H_APP,250231090,I,1000,0,Total,Total,0,,1,1,WSWTRTHAPP,,2022,DHS,37911,37911,,,
KEN,498526,Number of households,37911,0,KE,Kenya,2022,KE2022DHS,WS_WTRT_H_NUM,250231100,D,1000,0,Total,Total,0,,1,1,WSWTRTHNUM,,2022,DHS,,37911,,,
KEN,627639,Number of households (unweighted),37911,0,KE,Kenya,2022,KE2022DHS,WS_WTRT_H_UNW,250231110,U,1000,0,Total,Total,0,,1,1,WSWTRTHUNW,,2022,DHS,37911,,,,
KEN,573727,Population treating water by boiling,20.5,1,KE,Kenya,2022,KE2022DHS,WS_WTRT_P_BOL,250232010,I,1000,0,Total,Total,0,,1,1,WSWTRTPBOL,,2022,DHS,142026,152696,,,
KEN,573728,Population treating water by adding bleach/chlorine,16.5,1,KE,Kenya,2022,KE2022DHS,WS_WTRT_P_BLC,250232020,I,1000,0,Total,Total,0,,1,1,WSWTRTPBLC,,2022,DHS,142026,152696,,,
KEN,573732,Population treating water by straining through a cloth,1.8,1,KE,Kenya,2022,KE2022DHS,WS_WTRT_P_STN,250232030,I,1000,0,Total,Total,0,,1,1,WSWTRTPSTN,,2022,DHS,142026,152696,,,
KEN,573703,"Population treating water using a ceramic, sand or other filter",1.1,1,KE,Kenya,2022,KE2022DHS,WS_WTRT_P_CER,250232040,I,1000,0,Total,Total,0,,1,1,WSWTRTPCER,,2022,DHS,142026,152696,,,
KEN,573733,Population treating water using solar disinfection,0,1,KE,Kenya,2022,KE2022DHS,WS_WTRT_P_SOL,250232050,I,1000,0,Total,Total,0,,1,1,WSWTRTPSOL,,2022,DHS,142026,152696,,,
KEN,573704,Population treating water using other methods,3,1,KE,Kenya,2022,KE2022DHS,WS_WTRT_P_OTH,250232060,I,1000,0,Total,Total,0,,1,1,WSWTRTPOTH,,2022,DHS,142026,152696,,,
KEN,573734,Population not treating water,62.9,1,KE,Kenya,2022,KE2022DHS,WS_WTRT_P_NTR,250232070,I,1000,0,Total,Total,0,,1,1,WSWTRTPNTR,,2022,DHS,142026,152696,,,
KEN,573717,Population with missing information on treatment of water,0,1,KE,Kenya,2022,KE2022DHS,WS_WTRT_P_DKM,250232080,S,1000,0,Total,Total,0,,1,1,WSWTRTPDKM,,2022,DHS,142026,152696,,,
KEN,573724,Population using an appropriate treatment method,34.7,1,KE,Kenya,2022,KE2022DHS,WS_WTRT_P_APP,250232090,I,1000,0,Total,Total,0,,1,1,WSWTRTPAPP,,2022,DHS,142026,152696,,,
KEN,498527,Number of persons,142026,0,KE,Kenya,2022,KE2022DHS,WS_WTRT_P_NUM,250232100,D,1000,0,Total,Total,0,,1,1,WSWTRTPNUM,,2022,DHS,,152696,,,
KEN,573729,Number of persons (unweighted),152696,0,KE,Kenya,2022,KE2022DHS,WS_WTRT_P_UNW,250232110,U,1000,0,Total,Total,0,,1,1,WSWTRTPUNW,,2022,DHS,142026,,,,
